{
  "apple_refurb:FD4Q4KH/A:stock": 1778014416.859741,
  "apple_refurb:FV2N3KH/A:stock": 1778014417.160924,
  "apple_refurb:FVV83KH/A:stock": 1777914883.744219,
  "apple_refurb:FVW33KH/A:stock": 1778014417.458434,
  "apple_refurb:FVX53KH/A:stock": 1778014417.784031,
  "apple_refurb:FVXX3KH/A:stock": 1778014418.081175,
  "apple_refurb:FC6T4KH/A:stock": 1778070211.760118,
  "apple_refurb:FW0W3KH/A:stock": 1778070212.125063,
  "apple_refurb:FW0Y3KH/A:stock": 1778070212.513114,
  "apple_refurb:FW123KH/A:stock": 1778070212.871892,
  "apple_refurb:FW0X3KH/A:stock": 1778070213.236287,
  "apple_refurb:FW103KH/A:stock": 1778070213.599628,
  "apple_refurb:FW133KH/A:stock": 1778070213.954807,
  "apple_refurb:FU963KH/A:stock": 1778070214.31801,
  "apple_refurb:G1JVJKH/A:stock": 1778070214.760368,
  "apple_refurb:G1FC2KH/A:stock": 1778070215.117834,
  "apple_refurb:FX2V3KH/A:stock": 1778070215.484031
}