{
  "apple_refurb:FD4Q4KH/A:stock": 1777914882.801037,
  "apple_refurb:FV2N3KH/A:stock": 1777914883.270748,
  "apple_refurb:FVV83KH/A:stock": 1777914883.744219,
  "apple_refurb:FVW33KH/A:stock": 1777914884.186116,
  "apple_refurb:FVX53KH/A:stock": 1777914884.666478,
  "apple_refurb:FVXX3KH/A:stock": 1777914885.156706
}