{
  "apple_refurb:FD4Q4KH/A:stock": 1778014416.859741,
  "apple_refurb:FV2N3KH/A:stock": 1778014417.160924,
  "apple_refurb:FVV83KH/A:stock": 1777914883.744219,
  "apple_refurb:FVW33KH/A:stock": 1778014417.458434,
  "apple_refurb:FVX53KH/A:stock": 1778014417.784031,
  "apple_refurb:FVXX3KH/A:stock": 1778014418.081175
}