{
  "epic:lonestar-83f143:free": {
    "last_sent_at": 1780543716.850792,
    "last_alerted_price": 0.0
  },
  "epic:calico:free": {
    "last_sent_at": 1780543717.212814,
    "last_alerted_price": 0.0
  },
  "epic:rogue-waters-9764d6:free": {
    "last_sent_at": 1781146828.976974,
    "last_alerted_price": 0.0
  },
  "epic:songs-of-conquest:free": {
    "last_sent_at": 1781146829.366284,
    "last_alerted_price": 0.0
  },
  "epic:the-ouroboros-king:free": {
    "last_sent_at": 1781494541.777343,
    "last_alerted_price": 0.0
  },
  "epic:b28e038bd68b4e80840e7fb8b747de54:free": {
    "last_sent_at": 1781494542.13135,
    "last_alerted_price": 0.0
  }
}