{
  "epic:lonestar-83f143:free": {
    "last_sent_at": 1780543716.850792,
    "last_alerted_price": 0.0
  },
  "epic:calico:free": {
    "last_sent_at": 1780543717.212814,
    "last_alerted_price": 0.0
  },
  "epic:rogue-waters-9764d6:free": {
    "last_sent_at": 1781146828.976974,
    "last_alerted_price": 0.0
  },
  "epic:songs-of-conquest:free": {
    "last_sent_at": 1781146829.366284,
    "last_alerted_price": 0.0
  },
  "epic:the-ouroboros-king:free": {
    "last_sent_at": 1781700642.387349,
    "last_alerted_price": 0.0
  },
  "epic:b28e038bd68b4e80840e7fb8b747de54:free": {
    "last_sent_at": 1781700642.70771,
    "last_alerted_price": 0.0
  },
  "epic:4ee365fd76704f37ae3dc13676f1ac61:free": {
    "last_sent_at": 1781811191.618302,
    "last_alerted_price": 0.0
  },
  "epic:robobeat-5f084b:free": {
    "last_sent_at": 1782363597.624465,
    "last_alerted_price": 0.0
  },
  "epic:rollercoaster-tycoon-3-complete-edition:free": {
    "last_sent_at": 1782736008.440838,
    "last_alerted_price": 0.0
  },
  "epic:voidwrought-ce8f4b:free": {
    "last_sent_at": 1782736008.784284,
    "last_alerted_price": 0.0
  }
}