{
  "steam:2102:free": {
    "last_sent_at": 1779818868.486691,
    "last_alerted_price": 0.0
  },
  "steam:32310:price": {
    "last_sent_at": 1782407275.214689,
    "last_alerted_price": 2340.0
  }
}